metric,score
accuracy,0.9896803897951414
precision,0.9589744755324227
recall,0.8470985055848163
f1 score,0.8995714498923295
