metric,score
accuracy,0.9428033941527836
precision,0.4406419222590051
recall,0.17934806856612562
f1 score,0.25493404363267375
